Name,Age,Address,Phone no,Email Id,Lanaguage Know,Education Qualification,Gender,Married Status
Ankit,25,2nd cross gandhi nagar,8105479839,ankit@gmail.com,Enhlish | Hindi | Telgu, 12th, Male, Single
Jason,26,3rnd cross gandhi nagar,8105479839,ankit@gmail.com,Enhlish | Hindi | Telgu, 12th, Male, Single
Kiev,35,2nd cross gandhi nagar,8105479839,ankit@gmail.com,Enhlish | Hindi | Telgu, 12th, Male, Single
Bob,55,2nd cross gandhi nagar,8105479839,ankit@gmail.com,Enhlish | Hindi | Telgu, 12th, Male, Single
Ankit Kumar,45,2nd cross gandhi nagar,8105479839,ankit@gmail.com,Enhlish | Hindi | Telgu, 12th, Male, Single
Ankit Jain,25,2nd cross gandhi nagar,8105479839,ankit@gmail.com,Enhlish | Hindi | Telgu, 12th, Male, Single
Ankit raj,55,2nd cross gandhi nagar,8105479839,ankit@gmail.com,Enhlish | Hindi | Telgu, 12th, Male, Single
Ankit roshan,35,2nd cross gandhi nagar,8105479839,ankit@gmail.com,Enhlish | Hindi | Telgu, 12th, Male, Single
Ankit,15,2nd cross gandhi nagar,8105479839,ankit@gmail.com,Enhlish | Hindi | Telgu, 12th, Male, Single
Ankit,17,2nd cross gandhi nagar,8105479839,ankit@gmail.com,Enhlish | Hindi | Telgu, 12th, Male, Single
Ankit,26,2nd cross gandhi nagar,8105479839,ankit@gmail.com,Enhlish | Hindi | Telgu, 12th, Male, Single
Ankit,27,2nd cross gandhi nagar,8105479839,ankit@gmail.com,Enhlish | Hindi | Telgu, 12th, Male, Single
Ankit,28,2nd cross gandhi nagar,8105479839,ankit@gmail.com,Enhlish | Hindi | Telgu, 12th, Male, Single
Ankit,29,2nd cross gandhi nagar,8105479839,ankit@gmail.com,Enhlish | Hindi | Telgu, 12th, Male, Single
Ankit,26,2nd cross gandhi nagar,8105479839,ankit@gmail.com,Enhlish | Hindi | Telgu, 12th, Male, Single
Ankit,22,2nd cross gandhi nagar,8105479839,ankit@gmail.com,Enhlish | Hindi | Telgu, 12th, Male, Single